"Date","Price","Open","High","Low","Vol.","Change %"
"02/01/2026","577.7937","598.1873","598.1873","569.5344","","-3.41%"
"01/01/2026","598.1873","548.5183","621.6449","544.6650","","9.06%"
"12/01/2025","548.5183","555.1701","567.8603","534.5885","","-1.20%"
"11/01/2025","555.1701","556.9970","567.5262","539.1110","","-0.33%"
"10/01/2025","556.9970","549.9780","563.4185","537.3591","","1.28%"
"09/01/2025","549.9780","549.7115","563.6837","542.2364","","0.05%"
"08/01/2025","549.7115","553.9949","555.2724","529.9546","","-0.77%"
"07/01/2025","553.9949","543.1381","559.8766","540.8738","","2.00%"
"06/01/2025","543.1381","524.6726","591.2179","524.6726","","3.52%"
"05/01/2025","524.6726","518.1493","542.9327","510.4657","","1.26%"
"04/01/2025","518.1492","568.0834","572.1660","492.5562","","-8.79%"
"03/01/2025","568.0834","553.5848","568.5867","542.1516","","2.62%"
"02/01/2025","553.5848","561.9173","580.8649","553.1595","","-1.48%"
"01/01/2025","561.9200","549.6400","583.9700","549.6400","","2.23%"
"12/01/2024","549.6400","535.7100","551.6300","529.7600","","2.60%"
"11/01/2024","535.7093","534.2032","549.8744","525.4190","","0.28%"
"10/01/2024","534.2031","532.8835","567.8290","525.3831","","0.25%"
"09/01/2024","532.8835","536.7498","544.3440","502.4482","","-0.72%"
"08/01/2024","536.7498","551.4392","555.8704","521.8130","","-2.66%"
"07/01/2024","551.4392","578.3854","592.2092","537.7592","","-4.66%"
"06/01/2024","578.3853","573.2755","585.8961","555.7770","","0.89%"
"05/01/2024","573.2754","586.1664","595.5449","570.0653","","-2.20%"
"04/01/2024","586.1663","582.4786","606.8108","579.7365","","0.63%"
"03/01/2024","582.4785","557.9317","583.7620","555.6782","","4.40%"
"02/01/2024","557.9317","555.0681","562.2910","536.0598","","0.52%"
"01/01/2024","555.0681","535.6413","566.1497","525.7714","","3.63%"
"12/01/2023","535.6413","555.7702","558.6791","516.4174","","-3.62%"
"11/01/2023","555.7702","576.9723","588.9501","545.3878","","-3.67%"
"10/01/2023","576.9723","609.6176","613.3291","570.4147","","-5.36%"
"09/01/2023","609.6686","591.4241","623.5565","591.1649","","3.08%"
"08/01/2023","591.4241","593.3337","600.3182","571.3829","","-0.33%"
"07/01/2023","593.4022","540.4607","593.7573","536.3137","","9.80%"
"06/01/2023","540.4607","528.2247","560.1093","525.1689","","2.32%"
"05/01/2023","528.2247","564.9675","564.9675","521.6278","","-6.50%"
"04/01/2023","564.9676","574.0241","599.2268","552.0370","","-1.58%"
"03/01/2023","574.0241","581.8661","597.4176","529.7278","","-1.35%"
"02/01/2023","581.8661","606.0573","608.8233","564.5502","","-3.99%"
"01/01/2023","606.0573","610.1050","622.1381","569.2053","","-0.66%"
"12/01/2022","610.0719","621.1091","632.3582","568.9138","","-1.78%"
"11/01/2022","621.1091","636.8439","671.0861","591.0660","","-2.47%"
"10/01/2022","636.8439","607.7575","671.4729","607.7575","","4.79%"
"09/01/2022","607.7575","665.9277","665.9277","591.8181","","-8.74%"
"08/01/2022","665.9277","692.6372","703.1581","637.4427","","-3.86%"
"07/01/2022","692.6372","709.2296","730.5977","632.8500","","-2.34%"
"06/01/2022","709.2296","786.4548","825.3839","709.2171","","-9.82%"
"05/01/2022","786.4548","756.7522","813.3317","717.8473","","3.93%"
"04/01/2022","756.7522","724.1862","784.1002","700.2496","","4.50%"
"03/01/2022","724.1862","673.0486","853.2746","673.0486","","7.60%"
"02/01/2022","673.0487","623.7843","700.0093","618.9357","","7.90%"
"01/01/2022","623.7843","561.1805","628.3660","558.4681","","11.16%"
"12/01/2021","561.1805","522.4442","572.8892","509.0838","","7.41%"
"11/01/2021","522.4443","588.2094","594.8341","516.3716","","-11.18%"
"10/01/2021","588.2094","557.7056","599.8605","555.0723","","5.47%"
"09/01/2021","557.7057","527.3676","565.1663","520.7402","","5.75%"
"08/01/2021","527.3677","541.1289","541.2612","493.9939","","-2.54%"
"07/01/2021","541.1290","535.9755","549.5075","504.0913","","0.96%"
"06/01/2021","535.9755","519.2278","538.1569","512.2907","","3.23%"
"05/01/2021","519.2278","505.8542","530.4951","499.3808","","2.64%"
"04/01/2021","505.8542","467.4139","512.0073","460.9255","","8.22%"
"03/01/2021","467.4140","476.9869","500.9041","458.3189","","-2.01%"
"02/01/2021","476.9869","430.9946","493.1006","430.9946","","10.67%"
"01/01/2021","430.9947","409.7466","438.6077","406.5078","","5.26%"
"12/01/2020","409.4580","385.5940","409.7254","380.7271","","6.19%"
"11/01/2020","385.5940","340.7798","389.4634","333.1107","","13.15%"
"10/01/2020","340.7799","350.1780","365.4283","334.4192","","-2.68%"
"09/01/2020","350.1780","358.2108","362.6131","332.6869","","-2.24%"
"08/01/2020","358.2109","339.8209","363.1297","337.3671","","5.41%"
"07/01/2020","339.8210","325.4830","346.3181","324.6850","","4.41%"
"06/01/2020","325.4830","307.0756","333.8396","302.5725","","5.99%"
"05/01/2020","307.0756","257.0446","308.0562","251.7750","","19.46%"
"04/01/2020","257.0446","255.5416","292.7880","217.9503","","0.59%"
"03/01/2020","255.5416","358.4439","378.2757","249.4273","","-28.71%"
"02/01/2020","358.4439","388.8018","406.6089","354.0859","","-7.81%"
"01/01/2020","388.8018","436.7599","453.1630","386.8643","","-10.87%"
"12/01/2019","436.2189","409.1913","443.3378","408.6323","","6.61%"
"11/01/2019","409.1913","407.5104","423.6549","407.0099","","0.41%"
"10/01/2019","407.5104","403.6126","417.5896","370.1275","","0.97%"
"09/01/2019","403.6126","397.0581","437.3462","388.4869","","1.65%"
"08/01/2019","397.0581","422.4391","422.4391","385.8164","","-6.01%"
"07/01/2019","422.4391","425.3581","436.7712","410.5644","","-0.69%"
"06/01/2019","425.3581","407.7638","432.7702","394.8968","","4.31%"
"05/01/2019","407.7638","446.4518","447.7199","407.0135","","-8.67%"
"04/01/2019","446.4518","434.1253","458.6667","434.1253","","2.84%"
"03/01/2019","434.1253","426.3466","440.6232","415.1518","","1.82%"
"02/01/2019","426.3466","407.8907","431.5452","402.8001","","4.52%"
"01/01/2019","407.8907","374.3282","415.1157","369.5535","","8.97%"
"12/01/2018","374.3282","406.5198","422.8652","365.9394","","-7.92%"
"11/01/2018","406.5197","456.3168","457.8904","400.0247","","-10.91%"
"10/01/2018","456.3168","486.2795","504.3294","455.3227","","-6.16%"
"09/01/2018","486.2794","468.6881","488.3528","456.6156","","3.75%"
"08/01/2018","468.6881","464.8324","471.2727","443.3211","","0.83%"
"07/01/2018","464.8324","487.4373","487.4373","448.2172","","-4.64%"
"06/01/2018","487.4372","481.4273","488.3720","457.4799","","1.25%"
"05/01/2018","481.4273","475.7616","497.9823","469.2034","","1.19%"
"04/01/2018","475.7616","452.9353","479.7343","439.3048","","5.04%"
"03/01/2018","452.9353","443.3807","457.7705","436.6278","","2.15%"
"02/01/2018","443.3807","456.5330","462.2236","424.5855","","-2.88%"
"01/01/2018","456.5330","442.4357","465.8296","441.5399","","3.19%"
"12/01/2017","442.4357","424.2574","443.2997","413.7987","","4.28%"
"11/01/2017","424.2574","415.1419","432.0907","413.1466","","2.20%"
"10/01/2017","415.1419","399.3082","416.1082","390.3713","","3.97%"
"09/01/2017","399.3082","386.0041","406.1260","382.9666","","3.45%"
"08/01/2017","386.0041","388.0653","390.8692","371.8896","","-0.53%"
"07/01/2017","388.0653","372.3775","388.4450","363.4533","","4.21%"
"06/01/2017","372.3775","377.8538","380.9227","351.0973","","-1.45%"
"05/01/2017","377.8538","382.7658","394.9437","361.2262","","-1.28%"
"04/01/2017","382.7658","388.2245","403.0416","377.1620","","-1.41%"
"03/01/2017","388.2245","402.2199","405.3113","373.8730","","-3.48%"
"02/01/2017","402.2199","395.8302","409.1227","393.9101","","1.61%"
"01/01/2017","395.8302","398.1954","405.6180","388.8276","","-0.60%"
"12/01/2016","398.2039","377.2212","401.9152","376.2132","","5.56%"
"11/01/2016","377.2212","361.6230","379.3302","346.2047","","4.31%"
"10/01/2016","361.6230","364.4711","381.1020","361.0860","","-0.78%"
"09/01/2016","364.4711","348.2078","365.8137","341.2348","","4.67%"
"08/01/2016","348.2078","339.3952","372.0104","329.4018","","2.60%"
"07/01/2016","339.3952","374.0323","376.9073","333.2505","","-9.26%"
"06/01/2016","374.0323","370.9456","392.2399","362.4692","","0.83%"
"05/01/2016","370.9456","360.4070","374.9962","342.2777","","2.92%"
"04/01/2016","360.4070","323.3931","363.4704","309.0974","","11.44%"
"03/01/2016","323.4185","303.6298","340.7920","300.8680","","6.52%"
"02/01/2016","303.6298","300.6680","307.9799","280.2403","","0.99%"
"01/01/2016","300.6679","313.0684","317.5166","268.4058","","-3.52%"
"12/01/2015","311.6524","336.1496","339.1603","303.5347","","-7.29%"
"11/01/2015","336.1496","363.4441","370.3356","331.4841","","-7.51%"
"10/01/2015","363.4441","359.9150","386.1180","349.7723","","1.14%"
"09/01/2015","359.3369","380.8480","380.8480","354.1561","","-5.65%"
"08/01/2015","380.8480","378.3843","381.1822","334.3220","","0.65%"
"07/01/2015","378.3843","440.6926","440.6926","377.0640","","-14.14%"
"06/01/2015","440.6926","439.0936","450.3730","424.0622","","0.36%"
"05/01/2015","439.0937","445.5848","458.6795","424.0820","","-1.46%"
"04/01/2015","445.5848","396.6491","446.0030","395.3987","","12.34%"
"03/01/2015","396.6492","421.2419","421.3834","383.1626","","-5.84%"
"02/01/2015","421.2419","389.6819","428.5861","384.5017","","8.10%"
"01/01/2015","389.6819","418.1225","421.5643","372.1627","","-6.80%"
"12/01/2014","418.1225","479.1313","494.2051","415.0947","","-13.27%"
"11/01/2014","482.1124","539.5063","542.4941","481.0687","","-10.65%"
"10/01/2014","539.5923","574.6780","580.5638","526.9879","","-6.04%"
"09/01/2014","574.2939","610.3964","610.3964","573.2210","","-5.99%"
"08/01/2014","610.9172","621.3291","623.2529","597.9967","","-1.73%"
"07/01/2014","621.7026","658.6699","659.9107","620.8398","","-5.60%"
"06/01/2014","658.5723","649.2202","672.5403","643.2384","","1.38%"
"05/01/2014","649.6324","652.3050","660.7350","646.4343","","-0.44%"
"04/01/2014","652.5111","648.6354","663.4610","634.5349","","0.56%"
"03/01/2014","648.8570","650.2828","663.4803","636.4564","","-0.12%"
"02/01/2014","649.6444","621.8761","654.7819","617.6379","","4.40%"
"01/01/2014","622.2558","632.7500","635.0200","603.5600","","-1.59%"
"12/01/2013","632.2858","620.7400","642.5900","618.4000","","1.96%"
"11/01/2013","620.1170","622.5400","626.7500","604.6300","","-0.39%"
"10/01/2013","622.5243","632.4400","644.0900","620.0100","","-1.56%"
"09/01/2013","632.3998","657.4400","664.8100","628.2700","","-3.75%"
"08/01/2013","657.0511","638.9900","675.4400","623.1500","","2.88%"
"07/01/2013","638.6382","611.2300","654.1600","609.2900","","4.47%"
"06/01/2013","611.2961","615.7200","637.4000","604.5700","","-0.68%"
"05/01/2013","615.4581","621.1100","636.3200","608.0800","","-1.44%"
"04/01/2013","624.4350","652.9600","655.9500","596.3600","","-4.67%"
"03/01/2013","655.0464","647.0600","659.2100","637.8900","","1.05%"
"02/01/2013","648.2096","675.9400","681.7000","646.4500","","-4.02%"
"01/01/2013","675.3659","649.2700","677.1200","642.3600","","4.45%"
"12/01/2012","646.5846","652.1200","657.1100","629.7400","","-0.53%"
"11/01/2012","650.0503","637.2500","652.3600","622.4500","","1.93%"
"10/01/2012","637.7365","663.7800","674.7700","633.0700","","-4.20%"
"09/01/2012","665.7263","680.9300","699.1300","646.7000","","-1.38%"
"08/01/2012","675.0332","634.6600","682.3500","628.6500","","6.17%"
"07/01/2012","635.8224","596.5700","654.9100","590.4200","","6.07%"
"06/01/2012","599.4434","595.2700","602.2400","555.5600","","0.54%"
"05/01/2012","596.2044","684.2200","689.0400","594.4800","","-12.95%"
"04/01/2012","684.8785","691.2500","702.0900","667.9800","","-0.56%"
"03/01/2012","688.7121","703.4200","717.4500","680.8700","","-2.10%"
"02/01/2012","703.4976","662.2000","715.7700","653.6700","","6.48%"
"01/01/2012","660.6774","650.7800","673.5200","647.6600","","2.44%"
"12/01/2011","644.9144","658.8600","666.4200","613.3800","","-1.99%"
"11/01/2011","658.0235","647.0900","674.1000","627.9600","","1.55%"
"10/01/2011","647.9552","587.5900","659.8600","572.9200","","9.64%"
"09/01/2011","590.9992","675.5000","676.6100","583.6800","","-12.40%"
"08/01/2011","674.6877","693.3000","700.1400","614.5795","","-1.66%"
"07/01/2011","686.0772","663.7800","704.7000","656.4900","","2.58%"
"06/01/2011","668.8452","708.9100","712.2300","635.2700","","-5.43%"
"05/01/2011","707.2557","755.8400","761.6600","658.9300","","-6.79%"
"04/01/2011","758.7948","727.7500","762.2200","724.2700","","4.57%"
"03/01/2011","725.6232","691.6300","731.7200","668.4700","","5.03%"
"02/01/2011","690.8462","654.3900","709.1600","639.9800","","5.43%"
"01/01/2011","655.2648","635.1100","657.6200","611.8100","","3.71%"
"12/01/2010","631.8311","577.0500","633.7700","575.4200","","9.72%"
"11/01/2010","575.8382","567.3570","610.1700","543.9300","","2.07%"
"10/01/2010","564.1603","547.3880","577.9490","544.9090","","3.31%"
"09/01/2010","546.0645","500.0750","547.0090","499.2230","","9.40%"
"08/01/2010","499.1622","528.8650","546.7920","489.6890","","-4.89%"
"07/01/2010","524.8087","489.3990","524.8090","478.8430","","5.98%"
"06/01/2010","495.1775","482.4900","520.2440","469.8470","","1.43%"
"05/01/2010","488.1933","549.2900","555.7290","458.5630","","-11.23%"
"04/01/2010","549.9413","534.7640","555.1960","531.3040","","3.73%"
"03/01/2010","530.1587","522.1340","532.8500","510.1540","","2.45%"
"02/01/2010","517.4835","486.6000","524.5930","468.4350","","6.45%"
"01/01/2010","486.1450","533.5309","550.3790","484.1040","","-7.33%"
"12/01/2009","524.6207","515.6590","529.4600","484.5270","","2.35%"
"11/01/2009","512.5737","500.3280","526.4310","490.2290","","3.17%"
"10/01/2009","496.8077","460.6300","528.4300","447.7110","","7.36%"
"09/01/2009","462.7484","456.4180","476.5510","435.4270","","1.97%"
"08/01/2009","453.7870","463.8600","481.2170","445.2200","","-0.79%"
"07/01/2009","457.4070","454.7050","460.6700","398.3670","","1.60%"
"06/01/2009","450.2168","450.8100","480.1940","425.5340","","1.62%"
"05/01/2009","443.0531","364.5590","444.4980","363.5670","","21.10%"
"04/01/2009","365.8484","353.2090","382.7770","347.2380","","2.04%"
"03/01/2009","358.5256","329.6860","383.5790","312.5740","","6.63%"
"02/01/2009","336.2400","332.9540","353.9580","305.5850","","0.01%"
"01/01/2009","336.2046","338.3540","383.8440","325.8730","","-3.68%"
"12/01/2008","349.0380","382.1890","382.3420","307.8400","","-10.65%"
"11/01/2008","390.6464","447.6640","475.1120","362.9470","","-13.09%"
"10/01/2008","449.4610","622.2370","634.3520","413.3730","","-27.77%"
"09/01/2008","622.2371","663.9940","681.6360","588.4800","","-12.13%"
"08/01/2008","708.1559","754.2859","779.1860","689.2350","","-6.85%"
"07/01/2008","760.1992","869.7079","893.8589","744.0090","","-11.89%"
"06/01/2008","862.8090","781.7900","882.8130","764.8770","","9.69%"
"05/01/2008","786.5829","725.3199","828.3220","701.1050","","9.09%"
"04/01/2008","721.0670","661.5880","750.6210","655.6960","","7.80%"
"03/01/2008","668.9130","681.0820","722.6490","649.3210","","-1.60%"
"02/01/2008","679.7780","606.8040","686.3979","590.5680","","11.74%"
"01/01/2008","608.3780","614.0460","635.6379","575.8320","","-0.29%"
"12/01/2007","610.1689","576.1960","618.9709","565.2990","","5.57%"
"11/01/2007","577.9870","603.4000","623.6299","577.0460","","-3.56%"
"10/01/2007","599.3100","547.9720","600.3140","526.3560","","9.74%"
"09/01/2007","546.1330","496.8870","555.0670","492.8950","","10.26%"
"08/01/2007","495.3045","514.5959","517.7079","472.4000","","-4.00%"
"07/01/2007","515.9410","490.1610","517.2629","485.0750","","5.48%"
"06/01/2007","489.1520","467.5860","499.1090","465.3770","","3.93%"
"05/01/2007","470.6480","470.9727","484.0420","454.8400","","-0.80%"
"04/01/2007","474.4641","467.1642","477.8383","459.3198","","1.36%"
"03/01/2007","468.1150","448.5116","468.1502","436.4039","","4.38%"
"02/01/2007","448.4914","422.5295","450.9571","422.5295","","4.98%"
"01/01/2007","427.2178","432.1335","432.1335","392.6523","","-1.48%"
"12/01/2006","433.6465","462.4187","462.4187","431.0525","","-6.47%"
"11/01/2006","463.6554","429.5622","463.6554","428.2353","","8.02%"
"10/01/2006","429.2243","420.1734","447.0071","409.6788","","0.27%"
"09/01/2006","428.0533","459.0111","459.0111","418.0165","","-8.12%"
"08/01/2006","465.8680","498.4193","506.7766","464.2655","","-6.50%"
"07/01/2006","498.2476","485.4300","509.6343","482.0140","","2.80%"
"06/01/2006","484.6753","471.2759","484.6753","459.9281","","2.13%"
"05/01/2006","474.5546","484.0205","500.5345","464.9891","","-0.05%"
"04/01/2006","474.7863","445.1778","496.1841","441.2490","","7.29%"
"03/01/2006","442.5190","418.3736","447.3778","410.9630","","6.41%"
"02/01/2006","415.8627","445.3492","445.3492","405.4679","","-8.38%"
"01/01/2006","453.9183","438.1793","456.6674","432.1028","","5.14%"
"12/01/2005","431.7214","425.4086","457.5468","417.0102","","3.80%"
"11/01/2005","415.9086","421.0456","427.8506","407.7445","","-1.65%"
"10/01/2005","422.8764","466.9965","466.9965","422.8764","","-9.94%"
"09/01/2005","469.5595","475.2529","475.2529","435.3258","","0.95%"
"08/01/2005","465.1507","408.7134","467.5680","406.9561","","15.71%"
"07/01/2005","401.9990","390.7274","408.2864","383.4584","","5.85%"
"06/01/2005","379.7879","368.9709","399.0615","366.1164","","7.02%"
"05/01/2005","354.8881","357.1423","361.4620","341.0289","","0.34%"
"04/01/2005","353.6854","391.5963","391.5963","353.6854","","-7.80%"
"03/01/2005","383.6221","355.0824","385.2551","355.0824","","7.80%"
"02/01/2005","355.8531","326.8229","355.8531","315.6633","","7.35%"
"01/01/2005","331.4828","304.1925","338.1748","304.1925","","6.77%"
"12/01/2004","310.4673","326.5933","332.5043","303.2428","","-9.35%"
"11/01/2004","342.5017","346.9508","350.2470","330.5201","","-3.59%"
"10/01/2004","355.2492","339.3015","373.2011","337.2008","","5.19%"
"09/01/2004","337.7328","303.7866","337.7328","296.3365","","14.26%"
"08/01/2004","295.5954","305.9600","322.0625","295.5954","","-3.86%"
"07/01/2004","307.4776","294.2479","307.4776","293.2093","","7.38%"
"06/01/2004","286.3553","315.6003","315.6003","280.3381","","-5.00%"
"05/01/2004","301.4126","294.9385","310.8826","294.9385","","4.11%"
"04/01/2004","289.5122","276.7797","290.1607","275.0795","","2.62%"
"03/01/2004","282.1227","282.9823","286.8468","272.1516","","1.24%"
"02/01/2004","278.6556","266.5418","278.6556","256.6276","","7.14%"
"01/01/2004","260.0880","261.6553","276.3313","259.6715","","-0.17%"
"12/01/2003","260.5434","246.9491","271.6895","246.9491","","6.00%"
"11/01/2003","245.8032","235.6278","256.2180","234.9616","","3.07%"
"10/01/2003","238.4895","233.2744","252.9424","233.2744","","2.52%"
"09/01/2003","232.6344","232.1754","234.7582","221.3021","","-4.05%"
"08/01/2003","242.4590","241.8148","245.9133","237.8994","","3.99%"
"07/01/2003","233.1563","233.8183","237.8759","227.5195","","-0.02%"
"06/01/2003","233.2028","240.6407","242.8608","227.7912","","-0.87%"
"05/01/2003","235.2415","215.9180","235.2415","213.9411","","9.09%"
"04/01/2003","215.6376","227.3601","230.1770","212.5866","","-7.16%"
"03/01/2003","232.2788","271.0940","276.1538","218.5813","","-16.62%"
"02/01/2003","278.5720","251.4533","278.5720","251.4533","","9.91%"
"01/01/2003","253.4514","240.8537","254.1480","235.7204","","7.78%"
"12/01/2002","235.1541","220.1022","243.7579","216.6020","","8.11%"
"11/01/2002","217.5085","217.1124","218.4081","204.5763","","0.04%"
"10/01/2002","217.4230","229.1161","229.1161","215.4259","","-4.44%"
"09/01/2002","227.5257","209.6962","228.5812","209.6962","","5.71%"
"08/01/2002","215.2304","200.2870","217.1401","199.1665","","5.81%"
"07/01/2002","203.4048","203.8104","207.3289","198.9574","","0.31%"
"06/01/2002","202.7765","193.9817","202.7765","190.0010","","4.37%"
"05/01/2002","194.2879","201.4025","210.3676","191.3539","","-4.87%"
"04/01/2002","204.2329","204.5998","210.0896","186.5684","","1.49%"
"03/01/2002","201.2279","180.3043","201.2279","180.3043","","13.99%"
"02/01/2002","176.5311","170.2396","176.7066","166.9939","","6.33%"
"01/01/2002","166.0257","173.2103","175.5065","163.6220","","-1.85%"
"12/01/2001","169.1572","171.1926","174.7635","163.4038","","-0.25%"
"11/01/2001","169.5750","172.0513","179.5397","161.9622","","-3.31%"
"10/01/2001","175.3805","180.5032","184.1190","174.0097","","-3.49%"
"09/01/2001","181.7182","201.4165","214.2537","176.4508","","-10.48%"
"08/01/2001","203.0028","201.5153","206.9833","200.2939","","0.64%"
"07/01/2001","201.7200","201.1673","208.9452","196.4458","","-0.47%"
"06/01/2001","202.6644","216.8409","223.1542","200.4938","","-6.87%"
"05/01/2001","217.6236","225.9424","227.5950","217.6236","","-2.95%"
"04/01/2001","224.2305","210.8111","230.5235","210.8111","","5.40%"
"03/01/2001","212.7381","222.8057","229.3934","212.7381","","-4.17%"
"02/01/2001","221.9866","235.2427","242.9454","221.9866","","-2.20%"
"01/01/2001","226.9736","239.3006","246.4047","226.9736","","-8.08%"
"12/01/2000","246.9237","249.9348","254.3747","234.4839","","-3.69%"
"11/01/2000","256.3840","239.3945","262.9087","237.7022","","8.31%"
"10/01/2000","236.7139","243.5356","261.2689","236.7072","","-0.32%"
"09/01/2000","237.4833","245.3099","255.9134","235.0279","","-2.83%"
"08/01/2000","244.3988","215.3192","244.7140","215.3192","","14.57%"
"07/01/2000","213.3268","235.4018","235.4018","213.3268","","-9.50%"
"06/01/2000","235.7137","226.1956","237.8327","223.9036","","5.61%"
"05/01/2000","223.2031","205.4560","229.0205","205.4560","","9.84%"
"04/01/2000","203.2085","204.6767","205.0087","193.1008","","-1.78%"
"03/01/2000","206.8815","222.5149","230.4045","203.9219","","-4.23%"
"02/01/2000","216.0089","209.3361","216.0089","205.6049","","4.67%"
"01/01/2000","206.3650","194.2237","209.0047","188.5528","","6.08%"
"12/01/1999","194.5372","190.9778","197.7741","189.4886","","2.57%"
"11/01/1999","189.6623","183.5998","198.9199","182.7891","","4.56%"
"10/01/1999","181.3901","191.0734","191.0734","175.8071","","-5.06%"
"09/01/1999","191.0630","181.2474","192.9837","178.2450","","5.20%"
"08/01/1999","181.6245","171.2025","181.6245","170.9188","","7.36%"
"07/01/1999","169.1718","162.6501","170.6022","161.5676","","3.56%"
"06/01/1999","163.3620","149.9942","163.3620","149.9942","","7.32%"
"05/01/1999","152.2197","161.6340","162.4368","152.1697","","-5.44%"
"04/01/1999","160.9771","152.8592","160.9771","149.2558","","4.57%"
"03/01/1999","153.9354","131.1051","154.2953","131.1051","","17.68%"
"02/01/1999","130.8113","133.4895","133.9257","130.0031","","-3.30%"
"01/01/1999","135.2692","134.7565","140.4372","132.1659","","1.69%"
"12/01/1998","133.0190","133.1336","136.9559","128.8857","","-0.35%"
"11/01/1998","133.4806","148.2528","150.8457","133.4806","","-10.11%"
"10/01/1998","148.4851","150.7718","152.2520","146.9205","","-3.43%"
"09/01/1998","153.7656","139.3525","153.7656","138.7980","","12.27%"
"08/01/1998","136.9596","141.2222","144.1204","136.9596","","-4.63%"
"07/01/1998","143.6022","154.9575","154.9575","143.6022","","-7.47%"
"06/01/1998","155.1993","157.1086","158.8751","149.4570","","-1.94%"
"05/01/1998","158.2691","166.5160","166.5160","156.4468","","-3.43%"
"04/01/1998","163.8963","165.4283","169.3189","163.6716","","-1.69%"
"03/01/1998","166.7150","164.9506","170.9636","158.0785","","0.98%"
"02/01/1998","165.0984","174.0576","174.0576","163.4723","","-5.26%"
"01/01/1998","174.2636","173.2876","176.8663","167.2654","","-0.77%"
"12/01/1997","175.6230","189.3757","189.3757","175.6230","","-6.92%"
"11/01/1997","188.6889","205.6334","205.9964","188.6889","","-9.35%"
"10/01/1997","208.1534","201.4265","211.4592","201.4265","","3.18%"
"09/01/1997","201.7335","197.5146","203.8038","194.2411","","3.05%"
"08/01/1997","195.7684","194.5230","197.9974","190.9203","","1.81%"
"07/01/1997","192.2873","185.5789","192.2873","181.1499","","3.84%"
"06/01/1997","185.1689","195.5138","195.5138","182.5341","","-6.18%"
"05/01/1997","197.3687","196.7891","202.9404","193.9964","","0.31%"
"04/01/1997","196.7678","191.3600","196.7678","186.5516","","2.25%"
"03/01/1997","192.4289","188.8339","196.3189","188.8339","","1.91%"
"02/01/1997","188.8185","203.8218","205.3196","188.6945","","-7.85%"
"01/01/1997","204.9099","217.0707","228.8586","204.9099","","-4.81%"
"12/01/1996","215.2563","218.8679","228.4117","211.4646","","-1.70%"
"11/01/1996","218.9817","203.7491","220.0094","202.2481","","6.86%"
"10/01/1996","204.9208","204.3093","213.4756","204.1500","","-0.14%"
"09/01/1996","205.2159","201.1110","206.1821","199.0708","","3.38%"
"08/01/1996","198.5151","198.7488","204.1453","196.5199","","1.98%"
"07/01/1996","194.6520","207.5215","211.0129","192.5204","","-5.75%"
"06/01/1996","206.5216","203.5239","206.5216","199.4194","","1.30%"
"05/01/1996","203.8712","209.9898","212.0257","203.8712","","-2.61%"
"04/01/1996","209.3274","209.2467","216.6828","207.7418","","1.29%"
"03/01/1996","206.6640","195.4975","209.1285","193.6818","","4.54%"
"02/01/1996","197.6960","194.9348","199.2238","189.5035","","0.45%"
"01/01/1996","196.8141","207.4250","208.8923","183.8825","","-3.28%"
"12/01/1995","203.4971","189.6976","206.7909","189.6976","","8.29%"
"11/01/1995","187.9269","183.5260","189.6052","183.5260","","2.63%"
"10/01/1995","183.1156","182.8375","183.1156","178.2145","","1.12%"
"09/01/1995","181.0815","181.5780","184.4710","180.1449","","0.31%"
"08/01/1995","180.5308","175.5394","180.5308","174.6524","","1.80%"
"07/01/1995","177.3371","174.2289","177.3371","171.8471","","1.63%"
"06/01/1995","174.4889","182.0874","183.3169","174.4889","","-3.49%"
"05/01/1995","180.8068","185.0587","185.7908","179.4222","","-1.54%"
"04/01/1995","183.6347","179.1509","184.3021","179.1509","","2.56%"
"03/01/1995","179.0597","176.2208","179.8988","174.3175","","1.10%"
"02/01/1995","177.1083","176.1450","178.4646","174.4060","","0.63%"
"01/01/1995","176.0039","178.6776","179.2470","173.9222","","-2.63%"
"12/01/1994","180.7578","174.1751","180.7578","170.8985","","3.19%"
"11/01/1994","175.1664","180.4971","180.7888","175.1664","","-2.16%"
"10/01/1994","179.0360","171.2233","180.2436","169.9872","","4.45%"
"09/01/1994","171.4158","170.3351","173.2863","169.0443","","0.68%"
"08/01/1994","170.2628","183.9851","183.9851","168.5162","","-6.72%"
"07/01/1994","182.5207","180.5738","182.5207","175.6787","","1.35%"
"06/01/1994","180.0834","175.5542","184.3707","173.2981","","1.88%"
"05/01/1994","176.7601","174.2991","177.4535","172.5194","","1.26%"
"04/01/1994","174.5563","174.4247","176.5996","171.8223","","2.45%"
"03/01/1994","170.3859","171.1877","172.8422","167.6031","","-0.49%"
"02/01/1994","171.2320","180.8500","181.8524","170.1435","","-3.45%"
"01/01/1994","177.3524","164.5262","177.3524","164.5262","","8.44%"
"12/01/1993","163.5542","165.6624","166.8143","162.2670","","-0.92%"
"11/01/1993","165.0651","173.0772","174.9963","165.0651","","-3.71%"
"10/01/1993","171.4164","177.3321","179.6971","171.4164","","-3.35%"
"09/01/1993","177.3570","174.3650","177.3570","170.5652","","0.86%"
"08/01/1993","175.8414","174.8461","177.9123","173.1143","","1.03%"
"07/01/1993","174.0556","175.4504","177.4328","170.6977","","-1.09%"
"06/01/1993","175.9696","181.3573","181.3573","174.6645","","-2.90%"
"05/01/1993","181.2161","188.0347","188.0347","181.2161","","-3.44%"
"04/01/1993","187.6663","190.5105","190.7541","185.5684","","-1.32%"
"03/01/1993","190.1710","186.3016","190.1710","186.2911","","1.97%"
"02/01/1993","186.5014","183.3931","186.5014","181.2886","","1.72%"
"01/01/1993","183.3482","179.2787","183.8239","177.5368","","1.29%"
"12/01/1992","181.0064","178.2443","183.1070","175.4189","","0.51%"
"11/01/1992","180.0958","183.9565","183.9565","180.0958","","-1.27%"
"10/01/1992","182.4082","188.0272","190.7819","182.1496","","-2.48%"
"09/01/1992","187.0465","187.1782","189.2271","186.7395","","0.35%"
"08/01/1992","186.3997","185.7219","187.0408","182.9001","","-0.16%"
"07/01/1992","186.6917","191.2086","192.0220","186.4855","","-2.20%"
"06/01/1992","190.8873","193.0365","196.0347","190.8873","","-1.10%"
"05/01/1992","193.0193","190.6657","193.6244","185.1660","","1.52%"
"04/01/1992","190.1203","186.4998","190.1203","185.6207","","2.91%"
"03/01/1992","184.7368","180.0212","185.3353","180.0212","","1.63%"
"02/01/1992","181.7778","182.9407","189.2804","179.9067","","-0.32%"
"01/01/1992","182.3528","177.8286","183.8580","172.6546","","3.07%"
"12/01/1991","176.9177","188.0909","188.0909","174.4274","","-6.94%"
"11/01/1991","190.1044","200.2224","200.7197","188.9072","","-4.25%"
"10/01/1991","198.5509","193.9427","201.7791","193.9427","","2.38%"
"09/01/1991","193.9276","192.1621","194.8965","189.7211","","0.67%"
"08/01/1991","192.6421","190.8022","192.9110","187.2793","","0.39%"
"07/01/1991","191.8876","186.1121","191.8876","185.5788","","3.47%"
"06/01/1991","185.4473","193.1335","193.1335","183.6174","","-3.86%"
"05/01/1991","192.8900","197.5890","199.5815","192.8900","","-1.59%"
"04/01/1991","195.9980","192.8825","199.9437","192.8825","","0.96%"
"03/01/1991","194.1259","192.3325","199.1923","191.4191","","1.51%"
"02/01/1991","191.2345","193.1810","195.9278","183.3225","","-1.65%"
"01/01/1991","194.4476","211.2772","228.3512","184.6536","","-11.60%"
"12/01/1990","219.9700","223.7200","228.4900","206.8500","","-3.36%"
"11/01/1990","227.6100","250.0500","251.3800","225.0900","","-8.73%"
"10/01/1990","249.3700","260.3100","270.4100","228.3200","","-7.71%"
"09/01/1990","270.1900","236.4200","270.4100","236.4200","","19.84%"
"08/01/1990","225.4500","199.3400","253.4100","199.3400","","14.56%"
"07/01/1990","196.8000","184.4700","196.8000","181.5600","","6.85%"
"06/01/1990","184.1800","189.2900","189.2900","182.6600","","-2.97%"
"05/01/1990","189.8100","196.1800","197.4400","189.8100","","-2.13%"
"04/01/1990","193.9400","200.4000","200.6100","190.1200","","-2.35%"
"03/01/1990","198.6100","192.8600","198.6100","192.8600","","1.36%"
"02/01/1990","195.9400","198.5200","200.9500","195.2800","","-1.45%"
"01/01/1990","198.8300","212.0900","215.6400","196.7500","","-4.06%"
"12/01/1989","207.2500","193.5300","207.2500","193.0700","","7.91%"
"11/01/1989","192.0500","191.4800","193.8500","189.2000","","1.18%"
"10/01/1989","189.8100","192.3500","194.3700","188.4600","","-1.76%"
"09/01/1989","193.2200","183.2200","193.2200","183.2200","","5.04%"
"08/01/1989","183.9500","177.8200","184.0500","177.4200","","2.45%"
"07/01/1989","179.5500","188.4500","190.2200","178.1900","","-5.14%"
"06/01/1989","189.2700","188.2300","193.0500","179.7000","","0.39%"
"05/01/1989","188.5400","199.3800","199.3800","184.4500","","-4.59%"
"04/01/1989","197.6100","196.1100","201.6000","192.7400","","-0.01%"
"03/01/1989","197.6200","186.8400","198.5300","186.8400","","6.02%"
"02/01/1989","186.3900","183.0200","186.3900","176.3300","","2.62%"
"01/01/1989","181.6400","184.6900","187.8000","181.5800","","-1.50%"
"12/01/1988","184.4100","175.4100","184.4100","172.9500","","5.98%"
"11/01/1988","174.0100","166.4600","174.0100","161.8000","","4.20%"
"10/01/1988","166.9900","161.1600","171.0300","159.3900","","2.97%"
"09/01/1988","162.1800","167.7600","169.5900","162.1800","","-3.21%"
"08/01/1988","167.5600","170.0900","170.6800","165.4400","","-1.12%"
"07/01/1988","169.4500","171.5700","175.7900","166.9200","","-1.06%"
"06/01/1988","171.2700","178.3000","179.8100","170.8700","","-3.78%"
"05/01/1988","177.9900","170.7000","177.9900","170.7000","","1.70%"
"04/01/1988","175.0100","170.8200","177.0700","169.7800","","2.23%"
"03/01/1988","171.2000","162.5100","172.3200","160.2100","","4.52%"
"02/01/1988","163.7900","166.3000","172.1600","163.1300","","-1.70%"
"01/01/1988","166.6300","169.7400","171.7200","165.9500","","1.40%"
"12/01/1987","164.3300","171.4700","171.7900","158.3200","","-4.26%"
"11/01/1987","171.6400","171.6500","173.5400","169.3200","","-1.50%"
"10/01/1987","174.2500","175.1400","180.1100","174.2500","","0.37%"
"09/01/1987","173.6100","173.5600","175.6100","171.9500","","-0.12%"
"08/01/1987","173.8100","180.8600","180.8600","168.7800","","-2.25%"
"07/01/1987","177.8100","176.7100","179.6700","171.9200","","1.16%"
"06/01/1987","175.7700","172.9900","176.1700","172.5800","","1.97%"
"05/01/1987","172.3800","170.6500","176.2400","170.6500","","1.29%"
"04/01/1987","170.1800","165.0000","170.1800","162.0100","","3.37%"
"03/01/1987","164.6300","154.1400","165.6200","154.1400","","6.64%"
"02/01/1987","154.3800","164.4800","164.4800","152.8900","","-6.75%"
"01/01/1987","165.5500","160.1200","165.5500","159.7300","","3.94%"
"12/01/1986","159.2700","162.6800","162.6800","157.6900","","-0.93%"
"11/01/1986","160.7700","160.6800","162.5000","158.7700","","0.33%"
"10/01/1986","160.2400","159.1900","161.5000","155.7900","","1.26%"
"09/01/1986","158.2500","164.9200","165.8300","157.2100","","-3.48%"
"08/01/1986","163.9500","151.7800","163.9500","151.7800","","9.05%"
"07/01/1986","150.3500","151.1500","153.4100","144.3300","","-1.38%"
"06/01/1986","152.4500","153.2100","154.7000","146.6900","","-1.07%"
"05/01/1986","154.1000","161.3500","167.0200","154.1000","","-5.75%"
"04/01/1986","163.5000","160.3800","163.5000","149.9500","","2.16%"
"03/01/1986","160.0400","159.9000","168.8800","159.9000","","-1.77%"
"02/01/1986","162.9200","169.2300","172.5700","161.3500","","-6.34%"
"01/01/1986","173.9400","192.9800","193.0800","173.9400","","-11.27%"
"12/01/1985","196.0400","201.8600","201.8600","191.8700","","-2.74%"
"11/01/1985","201.5600","202.1400","202.1400","196.5800","","0.27%"
"10/01/1985","201.0200","189.0900","201.0200","189.0900","","6.61%"
"09/01/1985","188.5500","175.6800","188.5500","174.7600","","6.82%"
"08/01/1985","176.5100","173.7000","177.8800","173.7000","","1.69%"
"07/01/1985","173.5800","177.1600","180.0500","172.2600","","-3.59%"
"06/01/1985","180.0500","187.9300","187.9300","179.6500","","-4.03%"
"05/01/1985","187.6200","186.9700","189.9500","183.2700","","0.11%"
"04/01/1985","187.4200","197.9500","198.2900","187.4200","","-5.32%"
"03/01/1985","197.9600","189.4100","199.6300","189.2000","","5.17%"
"02/01/1985","188.2300","195.4100","195.9200","185.8200","","-2.86%"
"01/01/1985","193.7800","194.2100","194.4100","191.0000","","-0.90%"
"12/01/1984","195.5300","199.7500","200.7400","194.5800","","-2.53%"
"11/01/1984","200.6000","200.9500","203.6500","199.9100","","0.64%"
"10/01/1984","199.3300","199.8700","200.0400","194.5600","","0.09%"
"09/01/1984","199.1600","197.9800","201.1700","197.4600","","0.26%"
"08/01/1984","198.6400","193.7600","200.2000","193.7600","","4.03%"
"07/01/1984","190.9500","205.8600","205.8600","190.5500","","-8.20%"
"06/01/1984","208.0000","213.9000","213.9000","205.6900","","-3.03%"
"05/01/1984","214.5000","211.1900","218.7200","211.1900","","1.79%"
"04/01/1984","210.7200","217.9800","219.4000","210.7200","","-2.97%"
"03/01/1984","217.1800","207.9800","217.1800","207.9800","","4.76%"
"02/01/1984","207.3200","214.9100","214.9100","200.4800","","-1.99%"
"01/01/1984","211.5300","211.8700","215.0200","211.1800","","-2.13%"
"12/01/1983","216.1400","209.0200","218.9400","206.4600","","3.96%"
"11/01/1983","207.9100","206.9300","211.7900","206.9300","","0.95%"
"10/01/1983","205.9600","206.2700","211.1200","205.5500","","-1.44%"
"09/01/1983","208.9700","213.0500","216.1200","208.9700","","-2.43%"
"08/01/1983","214.1700","212.4400","221.0800","212.4400","","2.10%"
"07/01/1983","209.7600","206.7800","210.4900","202.8300","","1.12%"
"06/01/1983","207.4300","205.0400","210.2500","205.0400","","0.25%"
"05/01/1983","206.9100","207.0500","208.4900","203.8800","","-1.09%"
"04/01/1983","209.1800","209.2300","213.5900","209.0500","","0.77%"
"03/01/1983","207.5900","197.5200","207.5900","196.4600","","6.43%"
"02/01/1983","195.0500","200.8100","203.9600","195.0500","","-2.01%"
"01/01/1983","199.0500","202.2300","206.8000","199.0500","","-1.20%"
"12/01/1982","201.4600","204.7400","204.7400","198.7600","","-1.75%"
"11/01/1982","205.0500","196.8100","205.7900","196.8100","","3.98%"
"10/01/1982","197.2100","196.5500","204.1600","194.9300","","-1.10%"
"09/01/1982","199.4000","208.0800","211.6700","199.4000","","-3.77%"
"08/01/1982","207.2200","208.6700","213.6400","205.7600","","0.04%"
"07/01/1982","207.1400","211.5600","211.5600","204.3800","","-1.15%"
"06/01/1982","209.5500","212.9100","212.9100","202.7200","","-3.72%"
"05/01/1982","217.6500","222.4900","223.0700","217.3300","","-2.52%"
"04/01/1982","223.2800","217.5900","225.0700","217.2600","","3.49%"
"03/01/1982","215.7500","209.6100","215.7900","209.6100","","3.32%"
"02/01/1982","208.8200","213.7900","215.2200","208.8200","","-2.22%"
"01/01/1982","213.5700","203.5900","213.5700","203.5900","","5.91%"
"12/01/1981","201.6500","215.7100","216.0200","199.0900","","-6.39%"
"11/01/1981","215.4200","220.2400","225.8200","212.7500","","-2.67%"
"10/01/1981","221.3400","222.2100","226.0500","218.5500","","-0.74%"
"09/01/1981","222.9800","224.0300","231.7000","222.9800","","-0.04%"
"08/01/1981","223.0700","227.7100","231.3600","221.4600","","-3.26%"
"07/01/1981","230.5800","229.5500","233.7100","224.8900","","1.29%"
"06/01/1981","227.6400","241.6200","243.8700","227.6400","","-6.57%"
"05/01/1981","243.6500","245.0500","245.0500","233.0200","","-0.48%"
"04/01/1981","244.8300","247.4500","250.5600","244.8300","","-1.69%"
"03/01/1981","249.0300","238.5300","249.0300","236.2100","","1.56%"
"02/01/1981","245.2100","248.4000","258.3500","245.2100","","-2.77%"
"01/01/1981","252.1900","269.1800","274.3300","250.5600","","-6.14%"
"12/01/1980","268.6900","286.0000","287.3100","256.6500","","-8.61%"
"11/01/1980","293.9900","295.2000","302.2100","286.9500","","1.02%"
"10/01/1980","291.0300","286.6000","298.1700","281.9700","","2.22%"
"09/01/1980","284.7100","268.0400","289.9500","268.0400","","7.07%"
"08/01/1980","265.9200","262.9500","268.9400","261.0300","","1.62%"
"07/01/1980","261.6900","255.3300","261.6900","249.3200","","3.01%"
"06/01/1980","254.0400","233.3700","254.0400","229.9500","","6.78%"
"05/01/1980","237.9100","225.6500","242.9100","225.6500","","5.96%"
"04/01/1980","224.5300","212.5600","230.6100","212.0500","","3.84%"
"03/01/1980","216.2200","250.9800","251.8700","216.2200","","-12.76%"
"02/01/1980","247.8500","251.3600","262.9800","247.4000","","-1.20%"
"01/01/1980","250.8500","239.6600","250.8500","232.8700","","5.48%"
"12/01/1979","237.8100","236.7100","239.6100","228.9200","","0.71%"
"11/01/1979","236.1300","215.0800","239.2400","215.0800","","9.69%"
"10/01/1979","215.2700","230.3200","230.3200","211.7000","","-4.09%"
"09/01/1979","224.4500","209.9800","224.4500","209.9800","","4.99%"
"08/01/1979","213.7800","192.0700","213.7800","189.2000","","11.08%"
"07/01/1979","192.4500","207.8800","215.8700","192.1800","","-6.60%"
"06/01/1979","206.0600","203.7900","216.0500","202.9600","","0.00%"
"05/01/1979","206.0500","219.3800","220.1700","204.1900","","-6.33%"
"04/01/1979","219.9700","209.0400","219.9700","206.8600","","5.09%"
"03/01/1979","209.3200","216.5700","216.5700","208.6100","","-2.49%"
"02/01/1979","214.6700","202.2600","214.6700","202.2600","","5.10%"
"01/01/1979","204.2600","193.6800","204.2600","193.6800","","5.80%"
"12/01/1978","193.0700","198.3000","199.2000","191.3500","","-1.82%"
"11/01/1978","196.6400","187.8100","198.9400","187.8100","","2.30%"
"10/01/1978","192.2100","194.4900","198.6400","186.9500","","0.31%"
"09/01/1978","191.6200","181.8000","191.7900","180.9000","","6.58%"
"08/01/1978","179.7900","172.7100","181.6600","171.8600","","2.32%"
"07/01/1978","175.7200","175.1800","177.3800","165.7400","","0.58%"
"06/01/1978","174.7000","192.4700","192.4700","171.1100","","-10.63%"
"05/01/1978","195.4900","183.6300","199.4600","182.3000","","6.73%"
"04/01/1978","183.1600","177.6300","184.7600","177.6300","","1.95%"
"03/01/1978","179.6600","164.0100","182.9500","163.7400","","10.74%"
"02/01/1978","162.2300","160.0100","164.6300","159.5300","","1.96%"
"01/01/1978","159.1100","159.2900","159.6000","153.9700","","-0.14%"
"12/01/1977","159.3300","152.6500","159.3500","151.6900","","4.66%"
"11/01/1977","152.2400","150.8700","152.9600","147.4600","","2.02%"
"10/01/1977","149.2200","146.7200","150.0100","145.6700","","2.38%"
"09/01/1977","145.7500","140.4400","146.9300","140.4400","","3.38%"
"08/01/1977","140.9800","137.0300","141.7900","137.0300","","1.70%"
"07/01/1977","138.6300","158.8200","158.8200","138.6300","","-12.94%"
"06/01/1977","159.2400","166.5900","168.0500","152.2500","","-5.20%"
"05/01/1977","167.9700","176.4500","176.4500","166.7800","","-3.75%"
"04/01/1977","174.5100","165.7500","176.6600","165.1500","","5.56%"
"03/01/1977","165.3200","157.6800","169.9000","156.9400","","6.01%"
"02/01/1977","155.9500","156.3500","160.0100","155.9500","","0.27%"
"01/01/1977","155.5300","157.0500","157.4000","151.7900","","-1.63%"
"12/01/1976","158.1000","151.8700","158.4000","151.8700","","4.69%"
"11/01/1976","151.0200","148.6700","154.3800","147.9200","","1.49%"
"10/01/1976","148.8100","150.1200","159.4900","148.8100","","-1.57%"
"09/01/1976","151.1800","167.6900","172.7100","151.1800","","-9.73%"
"08/01/1976","167.4700","168.2500","175.0500","167.4200","","-2.71%"
"07/01/1976","172.1300","191.6100","192.3700","172.1300","","-9.14%"
"06/01/1976","189.4500","195.8100","198.1000","189.4500","","-3.14%"
"05/01/1976","195.5900","192.9800","195.5900","186.8400","","1.86%"
"04/01/1976","192.0100","184.9900","199.0600","184.9900","","4.14%"
"03/01/1976","184.3800","175.9300","184.8000","174.9500","","3.09%"
"02/01/1976","178.8600","172.3400","182.8600","170.0900","","6.04%"
"01/01/1976","168.6700","182.9400","185.4200","166.8000","","-8.06%"
"12/01/1975","183.4600","189.7200","191.7300","179.0700","","-3.01%"
"11/01/1975","189.1600","191.5900","195.3000","187.3300","","-2.17%"
"10/01/1975","193.3600","213.3900","213.3900","193.3600","","-8.44%"
"09/01/1975","211.1900","208.0800","217.0100","208.0800","","-0.03%"
"08/01/1975","211.2500","193.3400","219.4500","193.3400","","9.84%"
"07/01/1975","192.3300","184.2600","204.4300","183.0700","","2.34%"
"06/01/1975","187.9400","186.5000","194.0700","184.6900","","-0.66%"
"05/01/1975","189.1900","199.9100","202.8400","186.6500","","-5.53%"
"04/01/1975","200.2600","214.1700","214.1700","200.2600","","-6.92%"
"03/01/1975","215.1500","196.3100","215.1500","196.3100","","8.43%"
"02/01/1975","198.4200","220.4000","228.6600","198.4200","","-10.98%"
"01/01/1975","222.9000","260.6600","260.6600","218.7100","","-15.58%"
"12/01/1974","264.0300","281.2200","281.4500","258.2400","","-8.76%"
"11/01/1974","289.3900","277.6100","308.1000","277.6100","","3.69%"
"10/01/1974","279.0800","253.2700","279.0800","253.2700","","8.43%"
"09/01/1974","257.3800","240.5700","257.3800","224.1100","","7.08%"
"08/01/1974","240.3600","249.2000","255.9400","239.7100","","-5.12%"
"07/01/1974","253.3400","212.9400","253.3400","211.2900","","22.66%"
"06/01/1974","206.5400","190.8500","208.7600","185.4400","","8.12%"
"05/01/1974","191.0200","202.7800","205.6900","188.6500","","-6.82%"
"04/01/1974","205.0100","206.7700","212.2700","201.4500","","-3.70%"
"03/01/1974","212.8900","238.6700","238.6700","212.8800","","-10.01%"
"02/01/1974","236.5600","243.8500","255.1800","236.5600","","-3.12%"
"01/01/1974","244.1700","223.0800","246.3200","223.0800","","11.63%"
"12/01/1973","218.7300","198.7200","218.7300","198.7200","","9.88%"
"11/01/1973","199.0600","188.0700","206.0900","185.1600","","6.83%"
"10/01/1973","186.3400","195.9100","204.5400","182.9600","","-5.94%"
"09/01/1973","198.1000","201.9900","205.7800","193.6800","","-4.86%"
"08/01/1973","208.2100","209.7700","234.9300","206.4200","","-0.48%"
"07/01/1973","209.2200","170.3900","209.2200","167.7400","","26.19%"
"06/01/1973","165.8000","182.8100","187.1700","164.1800","","-7.90%"
"05/01/1973","180.0200","153.6500","181.2800","152.4100","","16.96%"
"04/01/1973","153.9100","149.1500","153.9100","145.1000","","3.24%"
"03/01/1973","149.0800","156.2900","157.6800","147.4200","","-2.97%"
"02/01/1973","153.6500","152.4900","153.6800","144.3100","","1.98%"
"01/01/1973","150.6700","147.0300","154.5600","147.0300","","2.40%"
"12/01/1972","147.1400","138.3500","147.1600","138.3500","","7.59%"
"11/01/1972","136.7600","127.3200","136.7600","127.1800","","7.42%"
"10/01/1972","127.3100","126.8500","127.5600","125.5800","","-1.36%"
"09/01/1972","129.0600","119.4100","130.8600","119.4100","","8.88%"
"08/01/1972","118.5300","111.9500","118.9600","111.9500","","6.51%"
"07/01/1972","111.2900","117.7700","117.7700","111.1800","","-3.96%"
"06/01/1972","115.8800","112.8600","115.8800","112.3100","","2.15%"
"05/01/1972","113.4400","112.9900","113.4600","112.2500","","0.42%"
"04/01/1972","112.9700","110.6700","112.9700","110.6700","","1.52%"
"03/01/1972","111.2800","111.1900","112.5300","110.5000","","-0.25%"
"02/01/1972","111.5600","111.5900","112.9900","110.7100","","-1.28%"
"01/01/1972","113.0100","111.5200","114.9900","111.5200","","0.96%"
"12/01/1971","111.9300","108.7500","112.3500","108.6700","","3.36%"
"11/01/1971","108.2900","107.8400","109.4900","107.2500","","0.23%"
"10/01/1971","108.0400","104.1000","108.1900","103.4700","","4.31%"
"09/01/1971","103.5800","104.6400","105.7100","102.3100","","-0.82%"
"08/01/1971","104.4400","105.1900","106.1500","104.1200","","-0.61%"
"07/01/1971","105.0800","106.6500","106.8600","104.3500","","-1.01%"
"06/01/1971","106.1500","107.9900","109.6700","106.1500","","-1.66%"
"05/01/1971","107.9400","107.8400","108.0000","104.6600","","0.47%"
"04/01/1971","107.4300","109.0900","111.4000","106.3400","","-0.51%"
"03/01/1971","107.9800","109.0400","110.1200","107.5800","","-0.51%"
"02/01/1971","108.5300","112.0100","112.3400","108.4200","","-1.51%"
"01/01/1971","110.1900","105.4800","110.1900","104.5700","","5.03%"
"12/01/1970","104.9100","105.1200","105.1600","102.1500","","0.56%"
"11/01/1970","104.3300","104.9900","106.7400","103.7300","","-0.52%"
"10/01/1970","104.8800","105.4100","107.7300","104.8800","","-0.74%"
"09/01/1970","105.6600","104.1700","107.2500","104.1700","","0.39%"
"08/01/1970","105.2500","100.4800","106.1300","99.8600","","5.09%"
"07/01/1970","100.1500","104.7900","104.8900","99.9300","","-5.11%"
"06/01/1970","105.5400","100.3000","105.5400","99.7200","","6.15%"
"05/01/1970","99.4300","102.2000","102.2000","98.9200","","-3.02%"
"04/01/1970","102.5300","104.2600","104.9400","101.6400","","-2.06%"
"03/01/1970","104.6900","103.9800","106.8300","103.9800","","0.31%"
"02/01/1970","104.3700","102.0200","104.5400","101.6600","","2.13%"